{
   "mieter": [
       {
           
           
           "lebensmittel": "false",
           "einzelhandel": "true",
           "gastronomie": "false",
           "dienstleistung": "false",
           "vermietet": "true",
           "reserviert": "false",
           "id": "1",
           "name": "Dr. Eckert Zeitschriften ",
           "qm": "-"
       },
          {
           
           
           "lebensmittel": "false",
           "einzelhandel": "false",
           "gastronomie": "false",
           "dienstleistung": "true",
           "vermietet": "true",
           "reserviert": "false",
           "id": "2",
           "name": "B.B. Service",
           "qm": "-" 
       },
          {
           
           
           "lebensmittel": "false",
           "einzelhandel": "false",
           "gastronomie": "false",
           "dienstleistung": "true",
           "vermietet": "true",
           "reserviert": "false",
           "id": "3",
           "name": "Loo & Me Toiletten",
            "qm": "-" 
       },
          {
           
           
           "lebensmittel": "false",
           "einzelhandel": "true",
           "gastronomie": "true",
           "dienstleistung": "false",
           "vermietet": "true",
           "reserviert": "false",
           "id": "4",
           "name": "Ditsch Bäckerei",
           "qm": "-" 
       },
          {
           
           
           "lebensmittel": "false",
           "einzelhandel": "false",
           "gastronomie": "true",
           "dienstleistung": "false",
           "vermietet": "true",
           "reserviert": "false",
           "id": "5",
           "name": "Thüringer Grill",
            "qm": "-"
       },
          {
           
           
           "lebensmittel": "true",
           "einzelhandel": "false",
           "gastronomie": "true",
           "dienstleistung": "false",
           "vermietet": "true",
           "reserviert": "false",
           "id": "6",
           "name": "LUKAS Bäckerei",
           "qm": "-" 
       },
          {
           
           
           "lebensmittel": "false",
           "einzelhandel": "false",
           "gastronomie": "false",
           "dienstleistung": "true",
           "vermietet": "true",
           "reserviert": "false",
           "id": "7",
           "name": "Reisezentrum Deutsche Bahn",
           "qm": "-" 
       },
          {
           
           
           "lebensmittel": "false",
           "einzelhandel": "false",
           "gastronomie": "false",
           "dienstleistung": "true",
           "vermietet": "true",
           "reserviert": "false",
           "id": "8",
           "name": "Reisezentrum Deutsche Bahn",
           "qm": "-" 
       },
          {
           
           
           "lebensmittel": "false",
           "einzelhandel": "false",
           "gastronomie": "false",
           "dienstleistung": "true",
           "vermietet": "true",
           "reserviert": "false",
           "id": "9",
           "name": "O² / BASE",
           "qm": "-" 
       },
          {
           
           
           "lebensmittel": "true",
           "einzelhandel": "false",
           "gastronomie": "false",
           "dienstleistung": "false",
           "vermietet": "true",
           "reserviert": "false",
           "id": "10",
           "name": "ALDI MARKT",
           "qm": "-" 
       },
          {
           
           
           "lebensmittel": "false",
           "einzelhandel": "true",
           "gastronomie": "false",
           "dienstleistung": "false",
           "vermietet": "true",
           "reserviert": "false",
           "id": "11",
           "name": "DEICHMANN",
           "qm": "-" 
       },
          {
           
           
           "lebensmittel": "false",
           "einzelhandel": "true",
           "gastronomie": "false",
           "dienstleistung": "false",
           "vermietet": "true",
           "reserviert": "false",
           "id": "12",
           "name": "Gamestop",
           "qm": "-" 
       },
          {
           
           
           "lebensmittel": "true",
           "einzelhandel": "false",
           "gastronomie": "false",
           "dienstleistung": "false",
           "vermietet": "true",
           "reserviert": "false",
           "id": "13",
           "name": "Tchibo",
           "qm": "-" 
       },
          {
           
           
           "lebensmittel": "false",
           "einzelhandel": "true",
           "gastronomie": "false",
           "dienstleistung": "false",
           "vermietet": "true",
           "reserviert": "false",
           "id": "14",
           "name": "The body shop germany",
           "qm": "-" 
       },
          {
           
           
           "lebensmittel": "false",
           "einzelhandel": "true",
           "gastronomie": "false",
           "dienstleistung": "false",
           "vermietet": "true",
           "reserviert": "false",
           "id": "15",
           "name": "Hunkemöller",
           "qm": "-" 
       },
          {
           
           
           "lebensmittel": "false",
           "einzelhandel": "true",
           "gastronomie": "false",
           "dienstleistung": "false",
           "vermietet": "true",
           "reserviert": "false",
           "id": "16",
           "name": "Party Fiesta",
           "qm": "-" 
       },
          {
           
           
           "lebensmittel": "false",
           "einzelhandel": "true",
           "gastronomie": "false",
           "dienstleistung": "false",
           "vermietet": "true",
           "reserviert": "false",
           "id": "17",
           "name": "Triumph/Herzog & Bräuer",
           "qm": "-" 
       },
          {
           
           
           "lebensmittel": "false",
           "einzelhandel": "true",
           "gastronomie": "false",
           "dienstleistung": "false",
           "vermietet": "true",
           "reserviert": "false",
           "id": "18",
           "name": "Gerry Weber",
           "qm": "-" 
       },
          {
           
           
           "lebensmittel": "false",
           "einzelhandel": "true",
           "gastronomie": "false",
           "dienstleistung": "false",
           "vermietet": "false",
           "reserviert": "false",
           "id": "19",
           "name": "-",
           "qm": "45" 
       },
          {
           
           
           "lebensmittel": "false",
           "einzelhandel": "true",
           "gastronomie": "false",
           "dienstleistung": "false",
           "vermietet": "true",
           "reserviert": "false",
           "id": "20",
           "name": "Nici",
           "qm": "-" 
       },
          {
           
           
           "lebensmittel": "false",
           "einzelhandel": "true",
           "gastronomie": "false",
           "dienstleistung": "false",
           "vermietet": "false",
           "reserviert": "false",
           "id": "21",
           "name": "-",
           "qm": "140" 
       },
          {
           
           
           "lebensmittel": "false",
           "einzelhandel": "true",
           "gastronomie": "false",
           "dienstleistung": "false",
           "vermietet": "true",
           "reserviert": "false",
           "id": "22",
           "name": "Nanu Nana",
           "qm": "-" 
       },
          {
           
           
           "lebensmittel": "false",
           "einzelhandel": "true",
           "gastronomie": "false",
           "dienstleistung": "false",
           "vermietet": "false",
           "reserviert": "false",
           "id": "23",
           "name": "-",
           "qm": "162" 
       },
          {
           
           
           "lebensmittel": "true",
           "einzelhandel": "false",
           "gastronomie": "false",
           "dienstleistung": "false",
           "vermietet": "false",
           "reserviert": "false",
           "id": "24",
           "name": " ",
           "qm": "80" 
       },
          {
           
           
           "lebensmittel": "true",
           "einzelhandel": "false",
           "gastronomie": "false",
           "dienstleistung":  "false",
           "vermietet": "false",
           "reserviert": "false",
           "id": "25",
           "name": " ",
           "qm": "120" 
       },
          {
           
           
           "lebensmittel": "true",
           "einzelhandel": "false",
           "gastronomie": "false",
           "dienstleistung": "false",
           "vermietet": "true",
           "reserviert": "false",
           "id": "26",
           "name": "Blume 2000",
           "qm": "-" 
       },
          {
           
           
           "lebensmittel": "false",
           "einzelhandel": "true",
           "gastronomie": "false",
           "dienstleistung": "false",
           "vermietet": "true",
           "reserviert": "false",
           "id": "27",
           "name": "Camp David",
           "qm": "-" 
       },
          {
           
           
           "lebensmittel": "true",
           "einzelhandel": "false",
           "gastronomie": "false",
           "dienstleistung": "false",
           "vermietet": "true",
           "reserviert": "false",
           "id": "28",
           "name": "REWE",
           "qm": "-" 
       },
          {
           
           
           "lebensmittel": "false",
           "einzelhandel": "true",
           "gastronomie": "false",
           "dienstleistung": "false",
           "vermietet": "true",
           "reserviert": "false",
           "id": "29",
           "name": "Bag Station",
           "qm": "-" 
       },
          {
           
           
           "lebensmittel": "true",
           "einzelhandel": "false",
           "gastronomie": "false",
           "dienstleistung": "false",
           "vermietet": "false",
           "reserviert": "false",
           "id": "30",
           "name": "-",
           "qm": "60" 
       },
          {
           
           
           "lebensmittel": "false",
           "einzelhandel": "true",
           "gastronomie": "false",
           "dienstleistung": "false",
           "vermietet": "true",
           "reserviert": "false",
           "id": "31",
           "name": "Halloren",
           "qm": "-" 
       },
          {
           
           
           "lebensmittel": "false",
           "einzelhandel": "false",
           "gastronomie": "false",
           "dienstleistung": "true",
           "vermietet": "true",
           "reserviert": "false",
           "id": "32",
           "name": "Jolifin",
           "qm": "-" 
       },
          {
           
           
           "lebensmittel": "false",
           "einzelhandel": "false",
           "gastronomie": "true",
           "dienstleistung": "false",
           "vermietet": "true",
           "reserviert": "false",
           "id": "33",
           "name": "Coffee Fellows",
           "qm": "-" 
       },
          {
           
           
           "lebensmittel": "false",
           "einzelhandel": "true",
           "gastronomie": "false",
           "dienstleistung": "false",
           "vermietet": "true",
           "reserviert": "false",
           "id": "34",
           "name": "McPaper",
           "qm": "-" 
       },
          {
           
           
           "lebensmittel": "false",
           "einzelhandel": "true",
           "gastronomie": "false",
           "dienstleistung": "false",
           "vermietet": "true",
           "reserviert": "false",
           "id": "35",
           "name": "McTREK",
           "qm": "-" 
       },
          {
           
           
           "lebensmittel": "false",
           "einzelhandel": "true",
           "gastronomie": "false",
           "dienstleistung": "false",
           "vermietet": "true",
           "reserviert": "false",
           "id": "36",
           "name": "Liberty women",
           "qm": "-"
       },
          {
           
           
           "lebensmittel": "false",
           "einzelhandel": "true",
           "gastronomie": "false",
           "dienstleistung": "false",
           "vermietet": "false",
           "reserviert": "false",
           "id": "37",
           "name": "-",
           "qm": "77" 
       },
          {
           
           
           "lebensmittel": "false",
           "einzelhandel": "true",
           "gastronomie": "false",
           "dienstleistung": "false",
           "vermietet": "true",
           "reserviert": "false",
           "id": "38",
           "name": "Parfümerie Bauer",
           "qm": "-" 
       },
          {
           
           
           "lebensmittel": "false",
           "einzelhandel": "true",
           "gastronomie": "false",
           "dienstleistung": "false",
           "vermietet": "true",
           "reserviert": "false",
           "id": "39",
           "name": "Gabor Schuhe",
           "qm": "-" 
       },
          {
           
           
           "lebensmittel": "false",
           "einzelhandel": "true",
           "gastronomie": "false",
           "dienstleistung": "false",
           "vermietet": "true",
           "reserviert": "false",
           "id": "40",
           "name": "Sympatico",
           "qm": "-" 
       },
          {
           
           
           "lebensmittel": "false",
           "einzelhandel": "true",
           "gastronomie": "false",
           "dienstleistung": "false",
           "vermietet": "true",
           "reserviert": "false",
           "id": "41",
           "name": "Yves Rocher",
           "qm": "-" 
       },
          {
           
           
           "lebensmittel": "false",
           "einzelhandel": "true",
           "gastronomie": "false",
           "dienstleistung": "false",
           "vermietet": "true",
           "reserviert": "false",
           "id": "42",
           "name": "T.H. Kleen",
           "qm": "-" 
       },
          {
           
           
           "lebensmittel": "false",
           "einzelhandel": "false",
           "gastronomie": "true",
           "dienstleistung": "false",
           "vermietet": "false",
           "reserviert": "false",
           "id": "43",
           "name": " ",
           "qm": "35" 
       },
          {
           
           
           "lebensmittel": "false",
           "einzelhandel": "false",
           "gastronomie": "false",
           "dienstleistung": "true",
           "vermietet": "false",
           "reserviert": "false",
           "id": "44",
           "name": " ",
           "qm": "76" 
       },
          {
           
           
           "lebensmittel": "true",
           "einzelhandel": "false",
           "gastronomie": "false",
           "dienstleistung": "false",
           "vermietet": "true",
           "reserviert": "false",
           "id": "45",
           "name": "REWE to go",
           "qm": "-" 
       },
          {
           
           
           "lebensmittel": "false",
           "einzelhandel": "false",
           "gastronomie": "false",
           "dienstleistung": "true",
           "vermietet": "false",
           "reserviert": "false",
           "id": "46",
           "name": " ",
           "qm": "64" 
       },
          {
           
           
           "lebensmittel": "false",
           "einzelhandel": "false",
           "gastronomie": "false",
           "dienstleistung": "true",
           "vermietet": "false",
           "reserviert": "false",
           "id": "47",
           "name": " ",
           "qm": "63" 
       },
          {
           
           
           "lebensmittel": "false",
           "einzelhandel": "false",
           "gastronomie": "false",
           "dienstleistung": "true",
           "vermietet": "true",
           "reserviert": "false",
           "id": "48",
           "name": "Deutsche Post",
           "qm": "-" 
       },
          {
           
           
           "lebensmittel": "false",
           "einzelhandel": "false",
           "gastronomie": "false",
           "dienstleistung": "true",
           "vermietet": "true",
           "reserviert": "false",
           "id": "49",
           "name": "Deutsche Post",
           "qm": "-" 
       },
          {
           
           
           "lebensmittel": "false",
           "einzelhandel": "false",
           "gastronomie": "false",
           "dienstleistung": "true",
           "vermietet": "true",
           "reserviert": "false",
           "id": "50",
           "name": "FOTOFIX",
           "qm": "-" 
       },
          {
           
           
           "lebensmittel": "false",
           "einzelhandel": "false",
           "gastronomie": "false",
           "dienstleistung": "true",
           "vermietet": "false",
           "reserviert": "false",
           "id": "51",
           "name": " ",
           "qm": "101" 
       },
          {
           
           
           "lebensmittel": "false",
           "einzelhandel": "false",
           "gastronomie": "false",
           "dienstleistung": "true",
           "vermietet": "true",
           "reserviert": "false",
           "id": "52",
           "name": "Loo & Me Toiletten",
           "qm": "-" 
       },
        {
           
           
           "lebensmittel": "false",
           "einzelhandel": "false",
           "gastronomie": "false",
           "dienstleistung": "true",
           "vermietet": "true",
           "reserviert": "false",
           "id": "53",
           "name": "Abellio",
           "qm": "-" 
       }
       
  
   
   
   
   
   ]
}
